{
  "per_city_response_curves": {
    "tokyo": {
      "city": "Tokyo",
      "ndvi_corr_day": -0.8830766526751405,
      "ndvi_corr_night": -0.7087054500041877,
      "ndvi_to_lst": {
        "day": {
          "ndvi": [
            0.22550708303848901,
            0.277621436304379,
            0.3273698118836599,
            0.3765595210390491,
            0.42250880086794496,
            0.47217614265779656,
            0.5219737301438542
          ],
          "lst": [
            25.582315039758235,
            25.32989000185688,
            24.79267239260253,
            24.153940507563817,
            23.573723443182477,
            23.05553638935089,
            22.847232818603516
          ]
        },
        "night": {
          "ndvi": [
            0.22550708303848901,
            0.277621436304379,
            0.3273698118836599,
            0.3765595210390491,
            0.42250880086794496,
            0.47217614265779656,
            0.5219737301438542
          ],
          "lst": [
            11.261366556482749,
            11.065492471524685,
            10.641606225496792,
            10.23161515736502,
            9.889289913477597,
            9.673133070859533,
            9.598197662224205
          ]
        }
      }
    },
    "london": {
      "city": "London",
      "ndvi_corr_day": -0.5644404315229207,
      "ndvi_corr_night": -0.602952415825243,
      "ndvi_to_lst": {
        "day": {
          "ndvi": [
            0.2285558356429046,
            0.2784695029258728,
            0.32733516256665923,
            0.375913979452953,
            0.4257523508133626,
            0.47726416989873766,
            0.5267524983321262,
            0.5762609389525105,
            0.625302681619795,
            0.6745561314094491,
            0.7087207531106883
          ],
          "lst": [
            17.049612464569556,
            17.241102022180307,
            17.553936332222616,
            17.636715786237147,
            17.49698803871958,
            17.199466868969555,
            16.705307636801535,
            16.18933298677516,
            15.640711117028268,
            15.250113280197715,
            15.046682947911588
          ]
        },
        "night": {
          "ndvi": [
            0.2285558356429046,
            0.2784695029258728,
            0.32733516256665923,
            0.375913979452953,
            0.4257523508133626,
            0.47726416989873766,
            0.5267524983321262,
            0.5762609389525105,
            0.625302681619795,
            0.6745561314094491,
            0.7087207531106883
          ],
          "lst": [
            7.612432432655341,
            7.5904276729445925,
            7.585483079332563,
            7.5333542246554694,
            7.472967626069379,
            7.333500369932267,
            7.081240082691085,
            6.805257564788588,
            6.537484289643132,
            6.357120602705404,
            6.267025502029444
          ]
        }
      }
    },
    "nyc": {
      "city": "New York City",
      "ndvi_corr_day": 0.1532179757501826,
      "ndvi_corr_night": -0.07310342736464476,
      "ndvi_to_lst": {
        "day": {
          "ndvi": [
            0.1264356639183743,
            0.1765990740570583,
            0.22215198104580244,
            0.2769414240663702,
            0.32361661170569944,
            0.3781587669992039,
            0.4227097566311176,
            0.47434164938472567
          ],
          "lst": [
            19.309331144289764,
            19.49745854099366,
            19.998470821366183,
            20.395990302910594,
            20.4228116472373,
            20.195219515984967,
            19.88738157608473,
            19.853983680436315
          ]
        },
        "night": {
          "ndvi": [
            0.1264356639183743,
            0.1765990740570583,
            0.22215198104580244,
            0.2769414240663702,
            0.32361661170569944,
            0.3781587669992039,
            0.4227097566311176,
            0.47434164938472567
          ],
          "lst": [
            8.826164362296252,
            8.932231734300386,
            9.004240137065393,
            9.04406081542262,
            9.071358141725216,
            9.051971471419202,
            9.042855955519036,
            8.95115470467033
          ]
        }
      }
    },
    "sandiego": {
      "city": "San Diego County",
      "ndvi_corr_day": -0.5867827319170511,
      "ndvi_corr_night": -0.5456322568794253,
      "ndvi_to_lst": {
        "day": {
          "ndvi": [
            0.2818352776978697,
            0.32900870661986503,
            0.37667761117683174,
            0.4249057035316483,
            0.4729198891683895,
            0.5213171656001104
          ],
          "lst": [
            31.385429878521684,
            31.026596452841634,
            30.46396968769251,
            29.90494124690555,
            29.43568835090746,
            29.168011712606777
          ]
        },
        "night": {
          "ndvi": [
            0.2818352776978697,
            0.32900870661986503,
            0.37667761117683174,
            0.4249057035316483,
            0.4729198891683895,
            0.5213171656001104
          ],
          "lst": [
            13.281297620615565,
            13.197115847829958,
            12.988222755746136,
            12.715910471492164,
            12.451312708897424,
            12.295528896697178
          ]
        }
      }
    }
  },
  "note": "Curves are NDVI-binned & smoothed LST averages per city. Use these for the what-if greenness simulator."
}